{
  "rows": 20470,
  "profiles": 6617,
  "cycles": {
    "D": 10348,
    "C": 10122
  },
  "label_prevalence": {
    "anemia": 0.02432828529555447,
    "thyroid": 0.033610161211529065,
    "sleep_disorder": 0.13770610617865556,
    "kidney": 0.02779677576941866,
    "hepatitis_bc": 0.014682996143176127,
    "liver": 0.03323684998502845,
    "menopause": 0.10180752320468979,
    "iron_deficiency": 0.07469467513434294,
    "vitamin_b12_deficiency": 0.016854621230693798,
    "vitamin_d_deficiency": 0.36120481927710846,
    "vitamin_deficiency_any": 0.3685953398759709,
    "electrolyte_imbalance": 0.059843673668783584,
    "infection_inflammation": 0.3335794266026824,
    "hidden_inflammation": 0.09719995065992353,
    "CFS_suspect": 0.0002442598925256473,
    "prediabetes": 0.028416779431664412,
    "perimenopause_proxy_probable": 0.0052863436123348016
  }
}