feature,feature_type,missing_pct_train,n_unique_train,association_metric,association_value,abs_association,p_value,n_train_non_null
"whq040___like_to_weigh_more,_less_or_same",categorical,0.0,4,cramers_v,0.10212515186763688,0.10212515186763688,2.148577199770201e-13,5949
slq030___how_often_do_you_snore?,categorical,0.0,6,cramers_v,0.09115471717286047,0.09115471717286047,1.8114545477719022e-09,5949
mcq300c___close_relative_had_diabetes,categorical,6.35,3,cramers_v,0.07941824059931567,0.07941824059931567,2.343900771607078e-08,5571
paq650___vigorous_recreational_activities,categorical,0.0,2,cramers_v,0.03963235519171536,0.03963235519171536,0.002236880602384656,5949
sleep_hours_weekend,numeric,0.91,24,pointbiserial,-0.016075500698595858,0.016075500698595858,0.21717409879716834,5895
cos_weekday_bedtime,numeric,1.36,58,pointbiserial,0.012238461677510422,0.012238461677510422,0.34858539660756305,5868
