run,model,roc_auc,avg_precision,precision,recall,f1,n_features
set1_all_questionnaire,logreg,0.6985892359902541,0.19954662374711535,0.16806722689075632,0.5882352941176471,0.26143790849673204,74
set2_prediabetes_focused,logreg_prediabetes_focused,0.6660992429516186,0.15578171307212857,0.1393841166936791,0.6323529411764706,0.22841965471447542,26
set3_final_quiz_6_features,logreg_final_quiz,0.6542975548207449,0.14737313928131693,0.1276595744680851,0.6617647058823529,0.2140309155766944,6
